name,email
Ignacio,ignacio@gmail.com
Santiago,santiago@gmail.com
Javier,javier@gmail.com
Mitchel,mitchel@gmail.com
Andrea,andrea@gmail.com
Gavan,gavan@gmail.com
Raul Marc,raul-marc@gmail.com
Marc,marc@gmail.com
Matias,matiaas@gmail.com
Gonzalo,gonzalo@gmail.com
Matt,matt@gmail.com
Wayne,wayne@gmail.com
Adam,adam@gmail.com
Brad,brad@gmail.com
Dejan,dejan@gmail.com
Zlatko,zlatko@gmail.com
Raffaele,raffaele@gmail.com
Gaston,gaston@gmail.com
Emiliano,emiliano@gmail.com
Raul Emiliano,raul-emiliano@gmail.com
Victor,victor@gmail.com
Giulio,giulio@gmail.com
Jussi,jussi@gmail.com
Scott,scott@gmail.com
Will,will@gmail.com
Sebastian,sebastian@gmail.com
Tom,tom@gmail.com
Nazareh,nazarehturmina@gmail.com
Juan,juan@gmail.com
Ivan,ivan@gmail.com
Marcus,marcus@gmail.com
Pawel,pawel@gmail.com